"store_type","total_orders","total_sales","Percentage_of_Sales"
"Local","78429","4201732.46","65.01415999384130325700"
"Mall Kiosk","13151","706188.71","10.92698457478284990400"
"Outlet","9214","508411.37","7.86674031879413106500"
"Super Store","19286","1045395.58","16.17559331585203443600"
"Web Portal","43","1067.77","0.01652179672968133900"
